{
  "started_ts": 1776867783.220831,
  "ended_ts": 1776871680.1960347,
  "starting_capital": 1000.0,
  "model": {
    "final_equity": 49187.60664066422,
    "pnl_total": 48187.60664066422,
    "pnl_pct": 48.18760664066422,
    "metrics": {
      "starting_capital": 1000.0,
      "final_equity": 49187.60664066422,
      "pnl_total": 48187.60664066422,
      "pnl_pct": 48.18760664066422,
      "sharpe": 111.82463794740896,
      "sortino": 10387.108467075372,
      "max_drawdown": 0.256605937396758,
      "hit_rate": 0.7692307692307693,
      "outcome_accuracy": 0.3076923076923077,
      "timeout_rate": 0.0,
      "n_events": 13,
      "n_trades": 1821,
      "n_ticks": 3084,
      "pnl_intra_event": 3732.837225761128,
      "pnl_resolution": 44454.769414903094,
      "intra_vs_resolution_fraction": 0.07746467371988315,
      "primary_score": 4005824.7485832074
    },
    "events": [
      {
        "event_id": "403155",
        "slug": "btc-updown-5m-1776867600",
        "start_ts": 1776867783.6123152,
        "end_ts": 1776867900.8780997,
        "resolved_outcome": "UP",
        "pnl_total": 11846.026587150378,
        "pnl_intra_event": -256.605937396758,
        "pnl_resolution": 12102.632524547136,
        "n_trades": 3,
        "n_ticks": 117,
        "n_timeouts": 0
      },
      {
        "event_id": "403167",
        "slug": "btc-updown-5m-1776867900",
        "start_ts": 1776867947.5381877,
        "end_ts": 1776868200.7575314,
        "resolved_outcome": "DOWN",
        "pnl_total": -278.97102787601335,
        "pnl_intra_event": -51.69830060328604,
        "pnl_resolution": -227.2727272727273,
        "n_trades": 179,
        "n_ticks": 253,
        "n_timeouts": 0
      },
      {
        "event_id": "403181",
        "slug": "btc-updown-5m-1776868200",
        "start_ts": 1776868247.3776653,
        "end_ts": 1776868500.6184742,
        "resolved_outcome": "DOWN",
        "pnl_total": 19211.76702737937,
        "pnl_intra_event": -940.440484352197,
        "pnl_resolution": 20152.207511731565,
        "n_trades": 73,
        "n_ticks": 253,
        "n_timeouts": 0
      },
      {
        "event_id": "403186",
        "slug": "btc-updown-5m-1776868500",
        "start_ts": 1776868547.2498055,
        "end_ts": 1776868800.467054,
        "resolved_outcome": "UP",
        "pnl_total": 4669.221097512016,
        "pnl_intra_event": -148.0485897352446,
        "pnl_resolution": 4817.269687247261,
        "n_trades": 162,
        "n_ticks": 253,
        "n_timeouts": 0
      },
      {
        "event_id": "403199",
        "slug": "btc-updown-5m-1776868800",
        "start_ts": 1776868847.0711043,
        "end_ts": 1776869100.289882,
        "resolved_outcome": "DOWN",
        "pnl_total": 8871.795148211088,
        "pnl_intra_event": 82.51667061281478,
        "pnl_resolution": 8789.278477598273,
        "n_trades": 118,
        "n_ticks": 253,
        "n_timeouts": 0
      },
      {
        "event_id": "403210",
        "slug": "btc-updown-5m-1776869100",
        "start_ts": 1776869146.8832405,
        "end_ts": 1776869400.0984626,
        "resolved_outcome": "UP",
        "pnl_total": 1017.023651180903,
        "pnl_intra_event": 1259.4478936051455,
        "pnl_resolution": -242.42424242424244,
        "n_trades": 142,
        "n_ticks": 253,
        "n_timeouts": 0
      },
      {
        "event_id": "403215",
        "slug": "btc-updown-5m-1776869400",
        "start_ts": 1776869446.8335938,
        "end_ts": 1776869700.0639389,
        "resolved_outcome": "UP",
        "pnl_total": 646.9550046031413,
        "pnl_intra_event": 886.7509229704883,
        "pnl_resolution": -239.79591836734693,
        "n_trades": 175,
        "n_ticks": 253,
        "n_timeouts": 0
      },
      {
        "event_id": "403238",
        "slug": "btc-updown-5m-1776869700",
        "start_ts": 1776869746.5781772,
        "end_ts": 1776870000.7904,
        "resolved_outcome": "UP",
        "pnl_total": -3.864710127876606,
        "pnl_intra_event": -3.864710127876606,
        "pnl_resolution": 0.0,
        "n_trades": 121,
        "n_ticks": 254,
        "n_timeouts": 0
      },
      {
        "event_id": "403250",
        "slug": "btc-updown-5m-1776870000",
        "start_ts": 1776870000.8101122,
        "end_ts": 1776870300.0604808,
        "resolved_outcome": "DOWN",
        "pnl_total": -971.2850529729828,
        "pnl_intra_event": -733.9113155992454,
        "pnl_resolution": -237.3737373737374,
        "n_trades": 210,
        "n_ticks": 299,
        "n_timeouts": 0
      },
      {
        "event_id": "403257",
        "slug": "btc-updown-5m-1776870300",
        "start_ts": 1776870346.604211,
        "end_ts": 1776870600.8182201,
        "resolved_outcome": "UP",
        "pnl_total": 166.03460543904225,
        "pnl_intra_event": 368.05480745924433,
        "pnl_resolution": -202.02020202020208,
        "n_trades": 197,
        "n_ticks": 254,
        "n_timeouts": 0
      },
      {
        "event_id": "403265",
        "slug": "btc-updown-5m-1776870600",
        "start_ts": 1776870647.4635038,
        "end_ts": 1776870900.692224,
        "resolved_outcome": "DOWN",
        "pnl_total": 473.9316986166159,
        "pnl_intra_event": 473.9316986166159,
        "pnl_resolution": 0.0,
        "n_trades": 169,
        "n_ticks": 253,
        "n_timeouts": 0
      },
      {
        "event_id": "403286",
        "slug": "btc-updown-5m-1776870900",
        "start_ts": 1776870947.205433,
        "end_ts": 1776871200.4139967,
        "resolved_outcome": "UP",
        "pnl_total": 2375.351229260153,
        "pnl_intra_event": 2633.08318802304,
        "pnl_resolution": -257.7319587628866,
        "n_trades": 177,
        "n_ticks": 253,
        "n_timeouts": 0
      },
      {
        "event_id": "403289",
        "slug": "btc-updown-5m-1776871200",
        "start_ts": 1776871247.0790033,
        "end_ts": 1776871383.2857106,
        "resolved_outcome": "UP",
        "pnl_total": 163.6213822883874,
        "pnl_intra_event": 163.6213822883874,
        "pnl_resolution": 0.0,
        "n_trades": 95,
        "n_ticks": 136,
        "n_timeouts": 0
      }
    ]
  },
  "baseline": {
    "final_equity": 66433.6188504549,
    "pnl_total": 65433.618850454906,
    "pnl_pct": 65.4336188504549,
    "metrics": {
      "starting_capital": 1000.0,
      "final_equity": 66433.6188504549,
      "pnl_total": 65433.618850454906,
      "pnl_pct": 65.4336188504549,
      "sharpe": 126.61235635987926,
      "sortino": 9870.349773176322,
      "max_drawdown": 0.2693017480705082,
      "hit_rate": 0.6923076923076923,
      "outcome_accuracy": 0.0,
      "timeout_rate": 0.0,
      "n_events": 13,
      "n_trades": 813,
      "n_ticks": 3084,
      "pnl_intra_event": 1542.7951041272147,
      "pnl_resolution": 63890.82374632769,
      "intra_vs_resolution_fraction": 0.02357801893325191,
      "primary_score": 6053619.218521094
    },
    "events": [
      {
        "event_id": "403155",
        "slug": "btc-updown-5m-1776867600",
        "start_ts": 1776867783.6123152,
        "end_ts": 1776867900.8780997,
        "resolved_outcome": "UNKNOWN",
        "pnl_total": 10609.042736283931,
        "pnl_intra_event": -269.3017480705082,
        "pnl_resolution": 10878.344484354438,
        "n_trades": 3,
        "n_ticks": 117,
        "n_timeouts": 0
      },
      {
        "event_id": "403167",
        "slug": "btc-updown-5m-1776867900",
        "start_ts": 1776867947.5381877,
        "end_ts": 1776868200.7575314,
        "resolved_outcome": "UNKNOWN",
        "pnl_total": -491.829222440604,
        "pnl_intra_event": -264.46847621368215,
        "pnl_resolution": -227.36074622692183,
        "n_trades": 57,
        "n_ticks": 253,
        "n_timeouts": 0
      },
      {
        "event_id": "403181",
        "slug": "btc-updown-5m-1776868200",
        "start_ts": 1776868247.3776653,
        "end_ts": 1776868500.6184742,
        "resolved_outcome": "UNKNOWN",